{"mean_reward": 258.13484129999995, "std_reward": 12.188553745236566, "is_deterministic": true, "n_eval_episodes": 10, "eval_datetime": "2023-08-08T10:55:52.197711"}