{"mean_reward": 252.47362669999998, "std_reward": 24.657776351195487, "is_deterministic": true, "n_eval_episodes": 10, "eval_datetime": "2023-08-08T11:03:16.708875"}